1,"-22.53328017307219, -47.38590268161084","-22.53604198520155, -47.386423074487375","-22.53698938520111, -47.38488837448735","-22.542558985198273, -47.385696174487215","-22.547590985195686, -47.38880700332266","-22.54674551159577, -47.391173903322766","-22.548212393889152, -47.39348163215836","-22.552297201995025, -47.39707680332256","-22.554803301633726, -47.39955423215809","-22.55952329307102, -47.39846780332245","-22.566297892580657, -47.39833163215782","-22.565688892624827, -47.40228563215787","-22.56916689237313, -47.405561903322315","-22.570487592277498, -47.40700267448648","-22.579399588682886, -47.40891476739661","-22.577216198401096, -47.40820147448643","-22.579273485179314, -47.40568687448635","-22.579544091621806, -47.40320283215757","-22.581771291460523, -47.403227074486175","-22.583278191351408, -47.40353720332189","-22.584229685176794, -47.405795374486175","-22.587429996926897, -47.40572740332172","-22.58987159657442, -47.40632110332173","-22.593116685172188, -47.406684574486114","-22.58886738517431, -47.40417436099302","-22.588840990948462, -47.40205660332182","-22.59027489084452, -47.39983470332168","-22.592100990712343, -47.39925007448602","-22.593275290627226, -47.398593603321686","-22.59638629040177, -47.39909017448594","-22.59844279025281, -47.400013503321524","-22.60184569484521, -47.4001614033214","-22.600688995012323, -47.397913674485906","-22.600068285168604, -47.39512946099261","-22.59837669534632, -47.39031143215713",,,,,,,,,,,,,,,,,,,,,,,,,,,,,,,,,,,,,,
2,"-22.545453041504718, -47.451042656065376","-22.547905985195484, -47.44657887448714","-22.54868540251557, -47.44717417448714","-22.552670701941185, -47.44800333215815","-22.556202693311178, -47.44573780332267","-22.559146393098292, -47.44428133215798","-22.558793201058467, -47.442651303322535","-22.561108800724575, -47.438851232157994","-22.561342285188566, -47.435975332158016","-22.559662893060846, -47.43484497448684","-22.558696593130808, -47.43256370332248","-22.558183585190168, -47.4304380744869","-22.55879329312382, -47.427874032158115","-22.559195693094676, -47.42293763215805","-22.558818977258483, -47.420099574486834","-22.560777785188893, -47.415556603322514","-22.558276285190107, -47.41274257448685","-22.55890870104185, -47.40971147448684","-22.559039732536935, -47.40722002080822","-22.55917039309648, -47.40476234247359","-22.56069418049058, -47.40354523432915","-22.563612085187394, -47.399957103322414","-22.56628798518592, -47.398320903322215","-22.569286885184447, -47.39912630332216","-22.5694576923521, -47.400725632157815","-22.570703478106328, -47.40202593215774","-22.571549885183305, -47.40342090332229","-22.57255938518279, -47.40297207448652","-22.57452959198493, -47.39496430332206","-22.577100685180476, -47.391482174486406","-22.578215791718044, -47.390224532157596","-22.579599891617768, -47.3894477321576","-22.58168739775579, -47.38776433215751","-22.581851891454654, -47.3850670456507","-22.580928885178494, -47.38506573215759","-22.580096085178937, -47.38185393215762","-22.579098285179402, -47.378105332157524","-22.578444685179747, -47.374925503322046","-22.57803779173089, -47.37357520332193","-22.577326891782402, -47.36969150332191","-22.58075438517862, -47.370062603321976","-22.581510185178168, -47.371336560993136","-22.582244566436724, -47.37298057448632",,,,,,,,,,,,,,,,,,,,,,,,,,,,,,
3,"-22.561879592900464, -47.45247967448683","-22.562986792820347, -47.4522503744867","-22.564860800183425, -47.45319117448654","-22.565876892611197, -47.4547552321578","-22.56699959252997, -47.44970520332223","-22.566846892541037, -47.447937374486756","-22.566637892556166, -47.44533297448671","-22.565955585186163, -47.44294163215788","-22.566947392533713, -47.44050580332235","-22.56569688518633, -47.4388305033223","-22.561342285188566, -47.4359538744868","-22.559662893060846, -47.434866432158046","-22.558696593130808, -47.432552974486875","-22.558183585190168, -47.4304488033225","-22.55879329312382, -47.42786330332251","-22.559871393045807, -47.42536953215805","-22.561572392922677, -47.42297833215802","-22.562122592882915, -47.41754007448669","-22.565093277706044, -47.41299973215792","-22.570465785176108, -47.41010750329215","-22.57096618518361, -47.4084298033222","-22.568235792440515, -47.40569113215779","-22.565688892624827, -47.402274903322265","-22.566297892580657, -47.398320903322215","-22.563657032274225, -47.39144782503503","-22.56000159726354, -47.39404338839101","-22.559313958335633, -47.38973741227952","-22.55757680123389, -47.38377500332254","-22.554144293460105, -47.37950143215815","-22.553452085192617, -47.37901060332249","-22.554188893456885, -47.37692890332261","-22.556711093274455, -47.37202783215807","-22.557587093211012, -47.37040880332241","-22.556216285191184, -47.373006732158196","-22.555559693357797, -47.37428363215811","-22.554178985192223, -47.37693963215822","-22.551502985193665, -47.37902554565148","-22.544830094133744, -47.36635780332275","-22.545594294078505, -47.36646383215839","-22.547096285195863, -47.36792584565156","-22.54809870260012, -47.36812700332268","-22.549675693783307, -47.36929857448715",,,,,,,,,,,,,,,,,,,,,,,,,,,,,,,
4,"-22.540308657419807, -47.425007303322865","-22.539802885199652, -47.42146160332288","-22.544916085197006, -47.42217860332277","-22.542807694279965, -47.41620910332284","-22.546841693988327, -47.411813803322666","-22.549243993814542, -47.41425473215835","-22.55052549372193, -47.412270203322755","-22.551422785193694, -47.41143420332256","-22.550727702221216, -47.40881900332268","-22.552946185192837, -47.40665484565142","-22.556547477096505, -47.40413670332259","-22.559170393096505, -47.40477253215802","-22.560742306831994, -47.403642662291574","-22.563621992774422, -47.399957103322414","-22.566297892580657, -47.39833163215782","-22.56365563166056, -47.39144714023676","-22.561324992940627, -47.393394732158036","-22.566340138896045, -47.39292793885174","-22.56740960361123, -47.39028600088584","-22.569360085184464, -47.38769620332218","-22.57190367819194, -47.385515603322105","-22.572997099009818, -47.38542433215772","-22.57418729200965, -47.38524000332211","-22.5763191918553, -47.38582670332197","-22.57884218517956, -47.386051203321976","-22.580125804383457, -47.381843203322006","-22.57910819165336, -47.378105332157524","-22.5782325851799, -47.377184674486294","-22.58087879152512, -47.37612037448638","-22.58030888517878, -47.3735147321575","-22.581094004174094, -47.36998023215754","-22.579351691635775, -47.369297803322006","-22.581116891507918, -47.36985773215755",,,,,,,,,,,,,,,,,,,,,,,,,,,,,,,,,,,,,,,,
6,"-22.597137285170195, -47.3698633033215","-22.599238785169053, -47.36949520332155","-22.59378709328621, -47.37414705687084","-22.59541910005801, -47.37452063934133","-22.59250739619388, -47.37914823215737","-22.591581890749925, -47.37823256099283","-22.590491990828866, -47.3766886321573","-22.589941890868662, -47.372595174486136","-22.589925790869888, -47.37237137448618","-22.58398729130003, -47.37554140332201","-22.581919585177925, -47.37570670332191","-22.578736778679602, -47.376849703322016","-22.576509785180754, -47.37752197448645","-22.57558539190854, -47.38188597448649","-22.57388649203146, -47.37964323215769","-22.57306019900071, -47.38093757448658","-22.57144978518332, -47.38862866099336","-22.57142528518332, -47.391036003322135","-22.56933707800882, -47.393035645651004","-22.567870899749312, -47.39360260332218","-22.56628798518592, -47.398320903322215","-22.564923800174455, -47.40338410332227","-22.564968885186723, -47.406415732157996","-22.56694988518566, -47.408587774486655","-22.57061244003885, -47.40992835434873","-22.57245359213516, -47.41191457448662","-22.575709191899477, -47.41687517448649","-22.57820509171876, -47.42041733215761","-22.575694785181096, -47.42469430332201","-22.5732134989786, -47.422735874486534","-22.57134079221578, -47.42032077448657","-22.570754192258168, -47.419437174486625","-22.56911679956951, -47.41756543215777","-22.568127085185033, -47.418335703322185","-22.56810070698283, -47.419706803322306","-22.569392092356793, -47.42460443215784","-22.56952069951133, -47.4248657033222","-22.57163798518327, -47.429057645651","-22.56564719262786, -47.42954223215796","-22.564836992686466, -47.42530570332228","-22.56361789277469, -47.42455913215801","-22.562425800534704, -47.42512353215791","-22.56284192215643, -47.42340691846106","-22.57292838680089, -47.45138263913086","-22.573252085182435, -47.44962493215771","-22.57446545795805, -47.4533051744865","-22.57460690557659, -47.4537171744865","-22.57660799183442, -47.45385430332199","-22.576354998525364, -47.45593860332205","-22.576262798538618, -47.45759680332195","-22.574638285181752, -47.45689037448657","-22.57429939200153, -47.455055932157656","-22.573087285182517, -47.45204570332208","-22.571708092189247, -47.452688660993346","-22.568390592429317, -47.44280030332212","-22.56825479969391, -47.444674545651026","-22.56630597779256, -47.444799032157846","-22.565700185186362, -47.44652027448676","-22.566322777793726, -47.44804343215796","-22.566751985185793, -47.4499325033222","-22.56662289255725, -47.4512579033222","-22.563990000309033, -47.45180793215788","-22.563523692781544, -47.452265674486696","-22.561378400685708, -47.452387032157986","-22.561879592900464, -47.45247967448683",,,,,,,,
08B,"-22.533309894966564, -47.385910732158685","-22.53605189476837, -47.38641234565177","-22.53701911369542, -47.38488837448735","-22.542558985198273, -47.385696174487215","-22.548940424201803, -47.38433804367443","-22.55347696897705, -47.37900486190854","-22.554188893456885, -47.37693963215822","-22.556701185190956, -47.37202783215807","-22.558862501048417, -47.37299913215802","-22.5601201930278, -47.37393400332247","-22.561074692958737, -47.37744430332243","-22.56309329281269, -47.37759357448682","-22.563769707918624, -47.37786030332232","-22.56595319260573, -47.37606730332218","-22.56839509967376, -47.37664017448655","-22.57154038518328, -47.37428883215782","-22.573704285182156, -47.373778003322194","-22.574930491955893, -47.375245103322094","-22.576133391868723, -47.376051374486394","-22.57652959850015, -47.37754343215766","-22.57824249171611, -47.37720613215751","-22.57883929167283, -47.37790850332201","-22.579256891642686, -47.37991987448637","-22.57984519802166, -47.38196287448634","-22.57850548517974, -47.37650437448641","-22.58616109114259, -47.37917397448621","-22.589617373739685, -47.37226013215733","-22.590491990828866, -47.3766886321573","-22.590181890851326, -47.37873550332172","-22.58797059684889, -47.383571403321774","-22.593849396000113, -47.38194020332162","-22.600159175251157, -47.384792403321384","-22.602998766152563, -47.38513890332145","-22.595906285170813, -47.38136504565029","-22.58778570272702, -47.383480674486194","-22.584909991233268, -47.38489970332183","-22.5812800851783, -47.38754320332196","-22.57953519806641, -47.38893123215757","-22.578329991709804, -47.38982910332194","-22.576896891813536, -47.39105463215761","-22.57441388518179, -47.39407070332205","-22.572925399020214, -47.39518683215776","-22.572096685183016, -47.39584390332217","-22.569984399444408, -47.39779930332215","-22.56630779997469, -47.39833163215782",,,,,,,,,,,,,,,,,,,,,,,,,,,,
08C,"-22.564925227766576, -47.367708962136675","-22.56793249246238, -47.37190913215796","-22.568107092449786, -47.37253787448666","-22.56837528518499, -47.37664017448655","-22.571550292200556, -47.37426737448662","-22.573704285182156, -47.373767274486596","-22.574920585181587, -47.37523437448649","-22.57612348518089, -47.376072832157604","-22.576519691840804, -47.37752197448645","-22.57824249171611, -47.3771954033219","-22.57883929167283, -47.37790850332201","-22.579256891642686, -47.37993060332198","-22.579825385179003, -47.38198433215756","-22.579266978717545, -47.38587810332191","-22.576663591830407, -47.38565797448655","-22.57482168518164, -47.385304074486456","-22.572971985182605, -47.38527223215766","-22.57161079219616, -47.385477403322156","-22.569088277991067, -47.387635632157775","-22.567190992516096, -47.39056560332224","-22.567549392490193, -47.39210703215783","-22.566297892580657, -47.398320903322215","-22.56625139998291, -47.40192990332225","-22.569156985184566, -47.405561903322315","-22.570487592277498, -47.40701340332208","-22.574174892010564, -47.40772863215762","-22.577206291791114, -47.408222932157635","-22.57928339164069, -47.405697603321954","-22.579553998063716, -47.40319210332196","-22.57952669162303, -47.401929903321886","-22.580485597929272, -47.40089790332197","-22.58483649123855, -47.40154600332185","-22.58511789121815, -47.4026761033218","-22.59027489084452, -47.39983470332168","-22.592100990712343, -47.39926080332162","-22.593265385172145, -47.398593603321686","-22.596376385170505, -47.39909017448594","-22.600068285168604, -47.3951080033214","-22.59837669534632, -47.390289974485924","-22.59580168517087, -47.387381832157146","-22.595368990475464, -47.38888880332165","-22.59697329554902, -47.39177597448603","-22.599592174515386, -47.393385497928676",,,,,,,,,,,,,,,,,,,,,,,,,,,,,,
11,"-22.56623655239011, -47.401931504967486","-22.56916689237313, -47.405561903322315","-22.570477685183842, -47.40701340332208","-22.574174892010564, -47.40771790332201","-22.577216198401096, -47.40820147448643","-22.579273485179314, -47.405697603321954","-22.579534185179178, -47.40319210332196","-22.57952669162303, -47.40191917448629","-22.580475691554344, -47.40089790332197","-22.58483649123855, -47.40154600332185","-22.58511789121815, -47.4026761033218","-22.574114403188727, -47.41262769792911","-22.57555163306423, -47.414419467321146","-22.589266190917634, -47.41342400332164","-22.592058490715342, -47.414856174486175","-22.59862179023981, -47.418572203321524","-22.59945449017947, -47.418185203321514","-22.601305194923373, -47.41865817448588","-22.602814385167274, -47.41772770332138","-22.60389229454962, -47.41735920332144","-22.605682289728026, -47.41624540332135","-22.61035838938893, -47.41511120332127","-22.612352585162334, -47.41463410332106","-22.612669685162135, -47.4166276033212","-22.606964689635014, -47.41833923215701","-22.607411789602633, -47.41930640332138","-22.606730385165186, -47.42102803215688","-22.60805079394884, -47.42217260332121","-22.61234208516231, -47.42151170332124","-22.61454718908527, -47.42271530332117","-22.61447808516126, -47.423740503321184",,,,,,,,,,,,,,,,,,,,,,,,,,,,,,,,,,,,,,,,,,
11B,"-22.62065828167473, -47.41481847448535","-22.60309278991574, -47.41554533215704","-22.621167888605072, -47.41329700332111","-22.621490088581748, -47.41017340332092","-22.619876292239855, -47.40983350332103","-22.618951685158923, -47.40968520332101","-22.617487285159683, -47.40952390332115","-22.61664168893339, -47.411449503321094","-22.61372828914465, -47.412111832156626","-22.61236248924373, -47.414644832156675","-22.610220789399012, -47.4150709744857","-22.606176480639483, -47.41626123215693","-22.606170494220514, -47.41652263215697","-22.606964689635014, -47.418328503321405","-22.60740188516484, -47.41930640332138","-22.606750194136723, -47.42101730332127","-22.60435528516643, -47.42371867448577","-22.60278248993823, -47.42517880332134","-22.602331394775103, -47.42692440332143","-22.601192385168062, -47.42984547448585","-22.598751175049234, -47.434112732157104","-22.594727290522037, -47.43240537448598","-22.591997890719863, -47.430889860992885","-22.59060839082043, -47.4341127321573","-22.589639790890587, -47.43553920332178","-22.588611985174445, -47.43517970332178","-22.5865114911172, -47.43445860332186","-22.5875028910454, -47.43320410332168","-22.589620896610686, -47.431386903321695","-22.590639490818162, -47.42946200332183","-22.591188490778325, -47.428355874486144","-22.592014790718572, -47.42653117448609","-22.590120885173732, -47.43038640332177","-22.590929290797227, -47.42113067448613","-22.58956869089579, -47.41996793215744","-22.586953891085148, -47.41966163215749","-22.58295029137515, -47.41933397448628","-22.581926791449252, -47.41934723215755","-22.580548291549142, -47.41905760332198","-22.579505785179183, -47.42044223215763","-22.57602539187663, -47.41683640332199","-22.575859285181057, -47.41669600332203","-22.572621685182703, -47.41181603215777","-22.57096618518361, -47.40844053215781","-22.568215977928837, -47.40568040332218","-22.565688892624827, -47.402274903322265","-22.566288954730823, -47.39832060526242",,,,,,,,,,,,,,,,,,,,,,,,,,
12,"-22.565685678158424, -47.40227374537136","-22.561862292901765, -47.4021929321579","-22.56070730236543, -47.40355414888036","-22.559052893105036, -47.40723173215811","-22.559075901017735, -47.40832660332239","-22.55825269316293, -47.40998967448683","-22.556068085191253, -47.41386660332257","-22.558323101126202, -47.41731877448686","-22.558349385190127, -47.42063720332248","-22.55884789311987, -47.42267520332241","-22.559477593074266, -47.42520073215803","-22.56079290077012, -47.427626932158056","-22.560095385189168, -47.42948863215801","-22.559561193068223, -47.430802732158114","-22.558406593151876, -47.43242640332241","-22.55735189322805, -47.43531187448683","-22.55646939329195, -47.44102437448691","-22.55458739342812, -47.442070903322644","-22.553984793471713, -47.44398860332256","-22.552892585192886, -47.44533540332254","-22.554221393454583, -47.446534103322676","-22.55636619329945, -47.44880023215817","-22.55759809321033, -47.44538977448697","-22.55913648518971, -47.44425987448677","-22.55909119310224, -47.44308790332246","-22.560756900775317, -47.44316300332237","-22.563962192749756, -47.44339833215788","-22.565193192660747, -47.443385603322376","-22.565451592642017, -47.44348620332227","-22.565752485186344, -47.44496070332222","-22.565700185186362, -47.44653100332236","-22.56634259257751, -47.44803270332235","-22.566761892547202, -47.449921774486604","-22.566612985185856, -47.4512471744866","-22.563980092748455, -47.45178647448667","-22.563523692781544, -47.45228713215791","-22.56136849293749, -47.452387032157986","-22.56186968518825, -47.45250113215805",,,,,,,,,,,,,,,,,,,,,,,,,,,,,,,,,,,
13,"-22.59218369624062, -47.41477883215741","-22.59455338517149, -47.41401950332168","-22.59633689564089, -47.41463970332154","-22.597490195474364, -47.41542947448592","-22.59493559050694, -47.411130274486084","-22.59602408517077, -47.40927780332159","-22.597238585170142, -47.40809977448593","-22.59683697997213, -47.40790807448601","-22.593043385172223, -47.406797074486065","-22.592549879665903, -47.4078618033217","-22.589118290928408, -47.40607250332173","-22.58742009105135, -47.40572740332172","-22.583230785177317, -47.4053198033219","-22.58186558517802, -47.40523173215755","-22.58104978517844, -47.405109503321974","-22.579498991625027, -47.404838303321995","-22.579544091621806, -47.40318137448635","-22.57952669162303, -47.40191917448629","-22.576727691825734, -47.401045932157686","-22.574989285181488, -47.40061680332211","-22.57442609880369, -47.40258270332206","-22.573859185182133, -47.4051828033221","-22.573616716042608, -47.406868551296284","-22.57358168518226, -47.40848523215772","-22.570976092242145, -47.40844053215781","-22.568225885185033, -47.40569113215779","-22.565688892624827, -47.40226417448667","-22.56629076677206, -47.39832231322494","-22.561852385188317, -47.40218220332229","-22.56497879267626, -47.40640500332239","-22.566959792532835, -47.40859850332225","-22.56769948518528, -47.409574503322304","-22.565406592645232, -47.41275770332237","-22.56267558518785, -47.413695803322355","-22.560725000779886, -47.41552180332241","-22.558349385190127, -47.42064793215808","-22.55884789311987, -47.422685932158025","-22.559467685189503, -47.42517927448683","-22.560782992979842, -47.427616203322444","-22.560105293028844, -47.429467174486795","-22.559571100946272, -47.430792003322495","-22.558406593151876, -47.43242640332241","-22.559652985189377, -47.43484497448684","-22.561167100716137, -47.43599940332243","-22.560252993018217, -47.43821090332239","-22.556459485191088, -47.441035103322506","-22.556298793304205, -47.44864613215811","-22.55441118519204, -47.44645440332252","-22.552870885192917, -47.44759423215824","-22.551470502114135, -47.44996720332264","-22.551309493665137, -47.452043903322625","-22.550013493758925, -47.4512421033227","-22.548384502558907, -47.44944757448711",,,,,,,,,,,,,,,,,,,,
15,"-22.566288746041373, -47.39831986220819","-22.561852385188317, -47.40217147448669","-22.560201200855452, -47.40229140332239","-22.55586389333576, -47.397376203322466","-22.553583793500664, -47.39483500332254","-22.551378993660204, -47.39235307448708","-22.547907693911224, -47.38889273215844","-22.544438094162143, -47.38915150332286","-22.54216418519846, -47.38869950332285","-22.54074129442939, -47.388272503322796","-22.538544794588272, -47.390057603323044","-22.533299985202984, -47.38590000332308","-22.54427603716708, -47.37769325487541",,,,,,,,,,,,,,,,,,,,,,,,,,,,,,,,,,,,,,,,,,,,,,,,,,,,,,,,,,,,
102,"-22.561879592900464, -47.45247967448683","-22.562986792820347, -47.4522611033223","-22.56443519271557, -47.451979903322375","-22.564856600184054, -47.45110670332237","-22.565647785186368, -47.448101303322304","-22.566637892556166, -47.445343703322315","-22.56616718518608, -47.44438520332231","-22.565975400022722, -47.44293090332227","-22.566947392533713, -47.44050580332235","-22.565706792623555, -47.438819774486696","-22.56135219293868, -47.43596460332241","-22.559652985189377, -47.434866432158046","-22.55868668518993, -47.43256370332248","-22.558193493167177, -47.4304488033225","-22.55879329312382, -47.42786330332251","-22.559195693094676, -47.42292690332245","-22.55883879312053, -47.420099574486834","-22.560767877397538, -47.415556603322514","-22.56083320076433, -47.41398570332238","-22.558286193160466, -47.41276403215805","-22.558893852111993, -47.409723540401544","-22.559042470927174, -47.407212992734515","-22.559160496297423, -47.40476180088587","-22.560703178657725, -47.403550495433414","-22.563621992774422, -47.399957103322414","-22.566290317419604, -47.39832034409341","-22.56928835262584, -47.399125149735504","-22.570712143928304, -47.39865066910008","-22.572191151633383, -47.39729234040148","-22.57453949878734, -47.39495357448645","-22.571918592173912, -47.39111080332219","-22.57153059220197, -47.38844530332212","-22.57165399219301, -47.387213403322114","-22.573427992064683, -47.380971774486504","-22.573992492023823, -47.37981750332204","-22.574945491954786, -47.37948470332201","-22.576298885180876, -47.37602420332208","-22.574930898730887, -47.37479437448649","-22.572241392150588, -47.37519190332206","-22.570468292278985, -47.37554263215787","-22.5684008924285, -47.376408503322175","-22.56793249246238, -47.37190913215796","-22.567277092509862, -47.37037810332228","-22.56625049258418, -47.368280903322216","-22.56493565766664, -47.3677051956512",,,,,,,,,,,,,,,,,,,,,,,,,,,,
103,"-22.599171990199988, -47.41778270332159","-22.60995938516359, -47.41217597448571","-22.6115852893001, -47.41166363215678","-22.611106285162947, -47.409585403321216","-22.610663385163132, -47.406992232156846","-22.61126838932307, -47.406088974485726","-22.612282989249458, -47.407804803321156","-22.611336689318073, -47.40827583215679","-22.60733752852325, -47.40847386298552","-22.606694389654653, -47.40878230332144","-22.602332889970846, -47.41155850332138","-22.603338489897947, -47.40846170332155","-22.60076279008461, -47.40883350332156","-22.597204495515605, -47.40866347448603","-22.59724849033937, -47.40811050332153","-22.5989787801252, -47.40690543215708","-22.60078279008317, -47.40674770332144","-22.60188378516769, -47.40656437448583","-22.605441785165844, -47.40626990332141","-22.60619458516548, -47.40439610332139","-22.606825689645113, -47.40302867448577","-22.603426785166846, -47.40246227448579","-22.60149798516784, -47.40157247448578","-22.599878885168806, -47.4011629033216","-22.5979069851698, -47.40077117448586","-22.59589189043761, -47.4005689033216","-22.59110149078476, -47.39725080332161","-22.58727999106152, -47.39953767448615","-22.582893891379225, -47.402054332157526","-22.579601291617713, -47.401546203322","-22.576717785180623, -47.401045932157686","-22.575009098719512, -47.40061680332211","-22.574406285181855, -47.40258270332206","-22.573869092032737, -47.4051828033221","-22.573618999054435, -47.40686810464885","-22.57358168518226, -47.40847450332211","-22.570976092242145, -47.4084298033222","-22.568225885185033, -47.40568040332218","-22.565688892624827, -47.402274903322265","-22.566288176080008, -47.398320146740495","-22.56928613082929, -47.39912706120205","-22.570706800954838, -47.39864514692271","-22.572196092153852, -47.39729100332219","-22.57452959198493, -47.39496430332206","-22.577110591798053, -47.391492903322","-22.57820588517993, -47.390213803321984","-22.57958998517915, -47.38943700332199","-22.581677491467282, -47.387753603321904","-22.581851891454654, -47.3850885033219","-22.58093879152083, -47.38505500332198","-22.580105991581153, -47.381843203322006","-22.57910819165336, -47.378105332157524","-22.578454591700698, -47.374925503322046","-22.57803779173089, -47.37357520332193","-22.577326891782402, -47.36969150332191","-22.580764291533523, -47.370062603321976","-22.58110599783981, -47.369770103321926","-22.579451891628505, -47.369030003321924","-22.576639291832148, -47.36896760332202","-22.575261491931975, -47.370789303322134","-22.57509868518149, -47.37160950332208","-22.573674685182183, -47.372357203322174","-22.57272028518264, -47.37170453215769","-22.571741699190913, -47.369813103322116","-22.571686892190634, -47.368826503322246","-22.57082679225293, -47.36775380332208","-22.567688285185262, -47.36770590332229","-22.568049199723585, -47.37011460332214","-22.56857199241618, -47.371662603322164","-22.56793249246238, -47.371898403322355","-22.56728699983351, -47.37037810332227","-22.56625049258418, -47.368280903322216","-22.564925750174016, -47.367715924486774"
104,"-22.558898585189823, -47.454381503322466","-22.557451385190586, -47.455173403322604","-22.5556840933487, -47.453278003322524","-22.554401001691733, -47.45195150332246","-22.553725793490425, -47.449152003322574","-22.55479308519194, -47.44970280332265","-22.55636619329945, -47.44878950332256","-22.55441118519204, -47.44645440332252","-22.556202693311178, -47.44573780332267","-22.55913648518971, -47.444270603322366","-22.55909119310224, -47.44308790332246","-22.560746992982445, -47.44316300332237","-22.56239369286327, -47.44260410332233","-22.56350149278313, -47.440142832157996","-22.563727885187337, -47.43709090332245","-22.563447892787032, -47.43553990332226","-22.560973492966014, -47.43109470332248","-22.561564692923287, -47.42809310332235","-22.559195693094676, -47.42292690332245","-22.558828885189858, -47.42011030332244","-22.560777785188893, -47.415567332158126","-22.56082329297694, -47.41398570332238","-22.558286193160466, -47.41275330332245","-22.558898793116207, -47.409722203322445","-22.558809621753422, -47.40698635013816","-22.559170393096505, -47.404761803322415","-22.560705291036054, -47.403551135362676","-22.563631900360736, -47.399957103322414","-22.566289648071326, -47.39831907433788","-22.56929050712737, -47.39912779517825","-22.57072108554613, -47.39864914364612","-22.572196092153852, -47.39729100332219","-22.57451968518182, -47.39496430332206","-22.578153491722553, -47.39610810332203","-22.578604391689836, -47.39351100332192","-22.580353891563195, -47.392287603321954","-22.580931791521383, -47.39070997448618","-22.58306049136721, -47.388034174486165","-22.583091885177442, -47.386573903321924","-22.587944491013392, -47.378634003321764","-22.590491990828866, -47.37667790332169","-22.589941890868662, -47.372605903321734","-22.589925790869888, -47.372382103321776","-22.586613191109823, -47.37619047448622","-22.58539828517617, -47.37910430332191","-22.585138085176307, -47.3791355744862","-22.58448799126381, -47.37710700332177","-22.58447709126458, -47.375669803321884","-22.586975896992517, -47.373279803321715","-22.587292279290434, -47.371065774486176","-22.5872742851752, -47.3693716033218",,,,,,,,,,,,,,,,,,,,,,
105,"-22.561879592900464, -47.452490403322436","-22.562986792820347, -47.4522611033223","-22.563090585187663, -47.4507549321579","-22.558561493140544, -47.44716680332255","-22.556298793304205, -47.4486354033225","-22.554421093440013, -47.44644367448692","-22.553253485192762, -47.44531270332262","-22.553974885192385, -47.44398860332256","-22.55629368519115, -47.44312230332253","-22.557597585190408, -47.441491203322485","-22.556979985190793, -47.43684100332257","-22.55868668518993, -47.43256370332248","-22.558183585190168, -47.4304488033225","-22.55879329312382, -47.42786330332251","-22.559195693094676, -47.42292690332245","-22.55883879312053, -47.42011030332244","-22.551235893670544, -47.41993350332266","-22.549753285194523, -47.4170487033226","-22.547398385195745, -47.4133589033226","-22.550707885194033, -47.40881900332268","-22.552611701949683, -47.407907903322595","-22.552946185192837, -47.40667630332263","-22.556547477096505, -47.40413670332259","-22.559170393096505, -47.404761803322415","-22.56070293758311, -47.40355027623168","-22.563621992774422, -47.39994637448682","-22.566287382443107, -47.398320282927735","-22.56365796573475, -47.39144899323183","-22.564602950054937, -47.3910010008859","-22.559324593085382, -47.38973610332249","-22.557566893212577, -47.38377500332254","-22.54620380106091, -47.38729266038398","-22.542469805090537, -47.38505622276141","-22.54028348519944, -47.387674874487324","-22.538534885200377, -47.39004687448743","-22.535230294827805, -47.39354770332295","-22.533480494954286, -47.39238230332296","-22.533309894966564, -47.38590000332308","-22.544272334755178, -47.3776899790578",,,,,,,,,,,,,,,,,,,,,,,,,,,,,,,,,,
107,"-22.533299985202984, -47.38590000332308","-22.53604198520155, -47.38643380332297","-22.53698938520111, -47.38489910332296","-22.542558985198273, -47.38570690332282","-22.547600893933453, -47.38880700332266","-22.551153493676527, -47.392708203322734","-22.553439493511156, -47.39534830332262","-22.55634919330068, -47.3983656321581","-22.55779009319638, -47.401243603322435","-22.559472993074632, -47.402695303322425","-22.560709076028857, -47.403549937924076","-22.563621992774422, -47.399957103322414","-22.56629010226965, -47.398319885016136","-22.569287361755347, -47.39912583179907","-22.569176641890838, -47.40011956959503","-22.57072329226045, -47.40201520332213","-22.569156985184566, -47.405561903322315","-22.570487592277498, -47.40701340332208","-22.57936422188038, -47.40887299789165","-22.577206291791114, -47.40821220332203","-22.57928339164069, -47.405697603321954","-22.579544091621806, -47.40319210332196","-22.57951678517915, -47.401929903321886","-22.580475691554344, -47.40089790332197","-22.584846397299902, -47.40154600332185","-22.58510799868975, -47.40267770496748","-22.587410185175106, -47.40572740332172","-22.589861690874507, -47.40632110332173","-22.59317768517219, -47.40699470332163","-22.595521790464407, -47.4083976033217","-22.59724849033937, -47.40811050332153","-22.598998590212503, -47.40689470332147","-22.60078279008317, -47.40674770332144","-22.601893690002647, -47.40657510332144","-22.606110589696968, -47.40934570332134","-22.60734367361294, -47.40847784155847","-22.60483938978911, -47.4073047033214","-22.611198889328097, -47.4099398033212","-22.6115852893001, -47.41165290332117","-22.61338368916966, -47.411122303321115","-22.614815689065793, -47.41129030332105","-22.615848188990913, -47.41077170332113","-22.619452788729536, -47.41168590332103","-22.620097388682755, -47.41349890332099","-22.618293785159285, -47.412839703321","-22.61664168893339, -47.411449503321094","-22.61372828914465, -47.412101103321014","-22.599171990199988, -47.41778270332159",,,,,,,,,,,,,,,,,,,,,,,,,
114,"-22.533309894966564, -47.38590000332308","-22.533480494954286, -47.39238230332296","-22.535230294827805, -47.39354770332295","-22.538402494598508, -47.39018770332295","-22.540685894433434, -47.388221503322974","-22.542174603453837, -47.3890735033228","-22.543252994247823, -47.38998240332278","-22.543975294195587, -47.39134170332281","-22.5445806941518, -47.392991603322855","-22.543606885197697, -47.3935078033229","-22.54266180338365, -47.395599203322824","-22.542071994333163, -47.398580503322954","-22.543379785197807, -47.39969130332285","-22.544068194188842, -47.39758210332281","-22.545574394079964, -47.39846190332275","-22.545822394062036, -47.4007128033227","-22.54687589398589, -47.40273350332274","-22.548256085195288, -47.401470703322644","-22.54716399396495, -47.39903160332268","-22.54804489390134, -47.39809190332269","-22.54977359377624, -47.39888133215829","-22.552224393599012, -47.3992374033226","-22.55479339341318, -47.399543503322484","-22.557780185190385, -47.401243603322435","-22.559472993074632, -47.402695303322425","-22.56070065242389, -47.403550749498514","-22.563631900360736, -47.399957103322414","-22.566288940185498, -47.39832165378955","-22.56567898518633, -47.402274903322265","-22.56916689237313, -47.405561903322315","-22.570487592277498, -47.40701340332208","-22.574174892010564, -47.40771790332201","-22.57724878518036, -47.405795103322","-22.577514491768778, -47.40336700332206","-22.579066185179414, -47.40220730332215","-22.578975585179517, -47.405450703321975","-22.57862369819794, -47.408469103321984","-22.58046879155491, -47.40895650332198","-22.589256285174162, -47.41342400332164","-22.592058490715342, -47.41486690332178","-22.59862179023981, -47.418572203321524","-22.59946439518925, -47.418185203321514","-22.601295290046078, -47.418668903321475","-22.602814385167274, -47.41772770332138","-22.603872485166672, -47.41735920332144","-22.60567418516579, -47.41625090332135","-22.61035838938893, -47.41511120332127","-22.61236248924373, -47.41463410332106","-22.613360385161783, -47.412298403321195","-22.615924985160436, -47.41137390332107","-22.617499888871116, -47.40955080332109","-22.61907108515885, -47.409780903321035","-22.62005708515836, -47.41003350332102","-22.620865588627037, -47.41022720332095","-22.621276785157693, -47.41240960332102","-22.62104328515783, -47.41356610332092","-22.620648378190733, -47.414829203320956",,,,,,,,,,,,,,,,
115,"-22.57176938518318, -47.37762270332219","-22.57045838518395, -47.375531903322255","-22.5684008924285, -47.376408503322175","-22.56595319260573, -47.37606730332218","-22.563749892765095, -47.37786030332232","-22.561890385188278, -47.37721480332231","-22.56022749302011, -47.37379997448673","-22.55757718519044, -47.37040880332241","-22.55622619330952, -47.37299600332259","-22.555559693357797, -47.3742729033225","-22.555112485191778, -47.37679410332257","-22.557559285190546, -47.3774106033225","-22.558776885189907, -47.37793640332236","-22.560853292974745, -47.37996930332247","-22.56115508518867, -47.38403330332232","-22.561980892893175, -47.384712303322395","-22.56252939285351, -47.38485630332232","-22.564845385186768, -47.38376610332245","-22.5651504926638, -47.38439340332226","-22.563248992801405, -47.38615640332241","-22.56204169288875, -47.3865103033223","-22.56098929296495, -47.38837170332242","-22.560523192998634, -47.390832603322394","-22.56084408518882, -47.39296240332234","-22.56079319297913, -47.396269774486704","-22.566289436714413, -47.398321660428984",,,,,,,,,,,,,,,,,,,,,,,,,,,,,,,,,,,,,,,,,,,,,,,
124,"-22.612679989220688, -47.42429330332116","-22.593059774233232, -47.430664803321704","-22.61090148934964, -47.420924703321155","-22.610408789385357, -47.42072310332118","-22.60880178950186, -47.42024790332124","-22.60749218959677, -47.419610603321324","-22.606750194136723, -47.42101730332127","-22.604365189823522, -47.42372940332137","-22.603109289914592, -47.42357760332153","-22.601940889999266, -47.423205903321495","-22.599810485168774, -47.422416803321475","-22.5981163953839, -47.421540174485926","-22.597796985169836, -47.4205144033216","-22.595959085170744, -47.421482203321574","-22.595331190478234, -47.42290090332166","-22.594896690509735, -47.42415110332152","-22.591997890719863, -47.43086840332167","-22.592448590687095, -47.43258570332149","-22.59060839082043, -47.43410200332169","-22.58962988517398, -47.43553920332178","-22.58862189096425, -47.43517970332178","-22.5865114911172, -47.43445860332186","-22.5875028910454, -47.43320410332168","-22.589610990892744, -47.431386903321695","-22.590639490818162, -47.42946200332183","-22.591188490778325, -47.42836660332174","-22.592004885172813, -47.42654190332169","-22.590130790855024, -47.43038640332177","-22.59093919642035, -47.42114140332173","-22.58956869089579, -47.41995720332183","-22.586953891085148, -47.41965090332189","-22.58295029137515, -47.419344703321876","-22.581926791449252, -47.419336503321944","-22.580548291549142, -47.41905760332198","-22.580875291525437, -47.41746900332205","-22.58219488517781, -47.41417700332191","-22.583320991348312, -47.4113829033219","-22.577320891782833, -47.40794757448645","-22.57928339164069, -47.405697603321954","-22.579553998063716, -47.40319210332196","-22.57952669162303, -47.401929903321886","-22.576727691825734, -47.401035203322074","-22.575009098719512, -47.40061680332211","-22.57441619199314, -47.40259343215768","-22.573869092032737, -47.4051828033221","-22.573617110780702, -47.406867992986996","-22.57358168518226, -47.40847450332211","-22.57096618518361, -47.4084298033222","-22.568225885185033, -47.40569113215779","-22.565688892624827, -47.402274903322265","-22.566289918711508, -47.39831896546516",,,,,,,,,,,,,,,,,,,,,,
400,"-22.566289918711508, -47.39831896546516","-22.565688892624827, -47.402274903322265","-22.57062105859683, -47.4099327101714","-22.572443685182822, -47.41191457448662","-22.583263385177254, -47.43073300332191","-22.58674689702557, -47.43463350332187","-22.592132885172745, -47.435754803321736","-22.592136190709727, -47.430964303321645","-22.59812669027568, -47.420690303321564","-22.590060785173765, -47.431843603321724","-22.604205589835118, -47.42414430332141","-22.60164029002103, -47.423249403321414","-22.60305108516712, -47.42372840332139","-22.604365189823522, -47.42371867448577","-22.60803098516455, -47.42217260332121","-22.612679989220688, -47.42429330332116","-22.59839969025591, -47.41767040332151","-22.61448686303585, -47.429154800822815","-22.61278593880831, -47.43146674713775","-22.612536090163438, -47.433613944915024","-22.61731336059404, -47.42641087756753","-22.62542618515557, -47.42818170332092",,,,,,,,,,,,,,,,,,,,,,,,,,,,,,,,,,,,,,,,,,,,,,,,,,,
410,"-22.566289918711508, -47.39831896546516","-22.561852385188317, -47.40218220332229","-22.560700878118556, -47.403548051771956","-22.559043007539955, -47.40722276157458","-22.555660393350493, -47.429773203322576","-22.556025193324015, -47.43903100332256","-22.558173985190248, -47.4421018033225","-22.561879592900464, -47.452490403322436",,,,,,,,,,,,,,,,,,,,,,,,,,,,,,,,,,,,,,,,,,,,,,,,,,,,,,,,,,,,,,,,,
420,"-22.566289918711508, -47.39831896546516","-22.57255938518279, -47.402982803322125","-22.57686128518054, -47.40015550332213","-22.580475691554344, -47.40089790332197","-22.58483649123855, -47.40154600332185","-22.586613491109794, -47.40059750332174","-22.591494385173032, -47.39745310332159","-22.596808785170282, -47.397400003321614","-22.598274290264964, -47.397216903321514","-22.600088790133494, -47.396114803321424","-22.601915385167764, -47.40172500332146","-22.603093589915694, -47.4086279033215","-22.605441785165844, -47.40626990332141","-22.60603008970278, -47.40921300332142","-22.607359276965383, -47.4084717554566","-22.60483938978911, -47.4073047033214","-22.610943289346604, -47.40893890332115",,,,,,,,,,,,,,,,,,,,,,,,,,,,,,,,,,,,,,,,,,,,,,,,,,,,,,,,
430,"-22.566289918711508, -47.39831896546516","-22.5676102070888, -47.3916599033223","-22.567429407127914, -47.39028600332216","-22.569477406685262, -47.38761970332219","-22.57192349217355, -47.385515603322105","-22.573447805827165, -47.3809825033221","-22.571789199184074, -47.37762270332219","-22.571570106232965, -47.37427810332222","-22.57274009904685, -47.37169380332209","-22.571741699190913, -47.369813103322116","-22.5717067062034, -47.368826503322246","-22.5708366993215, -47.36775380332208","-22.567708099772783, -47.36770590332229","-22.564955472649775, -47.367715924486774",,,,,,,,,,,,,,,,,,,,,,,,,,,,,,,,,,,,,,,,,,,,,,,,,,,,,,,,,,,
440,"-22.566289918711508, -47.39831896546516","-22.577130405031063, -47.391492903322","-22.581697304043598, -47.387753603321904","-22.58011589798266, -47.381843203322006","-22.578252398251607, -47.377184674486294","-22.584265797383672, -47.37491300332194",,,,,,,,,,,,,,,,,,,,,,,,,,,,,,,,,,,,,,,,,,,,,,,,,,,,,,,,,,,,,,,,,,,
Extra,"-22.546075029429073, -47.387390365340444","-22.54340565032542, -47.404539187858006","-22.54523747197937, -47.421860797000896","-22.548315048654434, -47.428029316606946","-22.551993098743388, -47.43913076228923","-22.547129495060087, -47.44785293139764","-22.556147291245953, -47.45542311672542","-22.569899904049034, -47.45454514812537","-22.57753041917034, -47.45833169601202","-22.577369601655732, -47.45163758391784","-22.578169644068808, -47.4505455395516","-22.57961569768745, -47.45183818316854","-22.585270284759428, -47.43810801138166","-22.583719590367785, -47.43404973809928","-22.58651756389695, -47.43373213408044","-22.589648232041494, -47.43128392594199","-22.59472252179441, -47.43281834710999","-22.599814049728135, -47.43464662998134","-22.60470063016268, -47.42746593181368","-22.60403628346097, -47.4205392598892","-22.60996003509766, -47.42291807038463","-22.61521921114735, -47.420515965026695","-22.612685385509206, -47.41260094577404","-22.607765849718117, -47.41260094577404","-22.606442596189222, -47.40347858494001","-22.597574383915717, -47.400871680560996","-22.599753524150483, -47.39725886719869","-22.594919353182725, -47.38160020571413","-22.58821041288311, -47.38327709578567","-22.58869206002202, -47.37252002657164","-22.59030065626503, -47.367056195860236","-22.58082020956409, -47.36697641449632","-22.55955807929024, -47.366880072788526","-22.548055188665035, -47.3740892130256","-22.552848718329404, -47.379678846597386","-22.546211479069296, -47.38726477787339",,,,,,,,,,,,,,,,,,,,,,,,,,,,,,,,,,,,,
